,üòÇ,‚ù§Ô∏è,üòç,üò≠,‚ôªÔ∏è,‚ô•Ô∏è,üòä,üíï,üòí,üòò,üòî,üò©,‚ò∫Ô∏è,üòÅ,üëå,üòè,üòâ,üëç,üòÖ,üôè,üëÄ,üî•,üíî,üòå,üíô
20201102-165633,5515,3573,1780,3881,37,644,875,595,396,580,1460,497,440,807,315,433,628,974,818,1026,965,781,650,751,563
20201102-170134,5466,3487,1777,3948,43,773,896,595,381,575,1496,534,461,885,313,431,649,950,926,1084,948,803,712,727,558
20201102-170634,5457,3665,1908,4088,44,743,910,617,364,565,1500,497,457,887,321,504,730,914,907,1090,992,869,624,675,554
20201102-171136,5652,3577,1832,3935,49,738,902,565,391,606,1606,549,481,837,345,492,658,959,910,1023,1027,805,690,656,508
20201102-171636,5654,3540,1904,4001,52,722,929,597,376,646,1431,521,417,935,328,522,632,1033,872,1053,967,875,652,696,561
20201102-172137,5507,3415,1779,3799,49,731,876,588,380,570,1502,474,398,889,314,513,635,983,822,1021,1014,785,643,688,565
20201102-172641,5721,3498,1836,3932,42,708,876,572,416,590,1559,549,423,906,334,469,661,970,876,1071,944,838,670,679,554
20201102-173141,5665,3726,1869,4010,34,728,933,529,374,634,1529,552,477,856,309,480,642,977,862,999,993,875,627,746,551
20201102-173642,5513,3519,1795,3988,42,683,921,560,369,611,1484,568,420,899,322,498,682,926,821,1005,970,793,588,710,535
20201102-174142,5468,3434,1786,3827,55,688,904,590,395,587,1461,526,455,836,362,500,695,897,840,999,970,802,649,677,585
20201102-174643,5558,3432,1728,3833,60,708,880,592,382,629,1426,542,406,902,341,472,680,884,860,1013,994,801,611,667,535
20201102-175143,5540,3480,1837,3671,59,744,766,555,384,629,1445,552,381,862,329,461,670,952,821,1026,1034,891,635,669,543
20201102-175644,5580,3434,1739,3626,46,724,915,586,360,588,1509,522,422,894,348,501,701,910,860,1047,1047,787,669,651,502
20201102-180144,5496,3692,1831,3663,36,697,882,552,396,558,1469,526,430,869,353,503,683,949,820,970,976,817,677,632,477
20201102-180645,5592,3767,1999,3700,52,754,953,607,407,651,1514,529,383,914,376,495,666,963,816,1056,1027,887,683,646,589
20201102-181145,5558,3582,1909,3648,75,707,935,494,394,573,1433,517,419,834,331,467,654,920,853,1000,1004,822,631,690,550
20201102-181646,5461,3507,1818,3552,56,678,858,539,399,544,1444,530,409,854,342,496,662,885,860,957,1021,827,590,634,529
20201102-182146,5509,3407,1745,3545,41,668,874,550,381,530,1359,502,424,832,330,470,648,909,848,878,934,827,684,625,498
20201102-182647,5596,3320,1721,3623,43,696,885,529,343,620,1490,511,440,849,347,536,679,890,790,906,937,827,691,641,516
20201102-183147,5516,3412,1736,3502,45,748,842,506,353,564,1356,489,443,806,373,497,708,958,858,937,992,783,677,620,481
20201102-183647,5624,3416,1746,3434,39,709,857,508,357,515,1475,507,413,794,350,489,737,940,797,960,900,803,680,628,510
20201102-184148,5484,3393,1728,3490,38,647,833,540,407,603,1404,504,385,866,382,483,675,916,823,936,957,759,678,658,487
20201102-184648,5518,3419,1729,3539,46,670,899,566,372,557,1376,477,412,923,349,463,723,948,843,931,956,762,646,688,546
20201102-185149,5616,3244,1631,3325,45,667,862,530,397,545,1371,500,432,863,310,439,630,910,807,849,966,764,624,658,487
20201102-185650,5568,3349,1686,3404,38,676,804,522,375,562,1290,462,412,842,296,483,654,954,853,936,883,781,673,633,486
20201102-190150,5656,3285,1781,3267,55,745,849,502,341,580,1383,505,422,849,331,472,693,928,839,1003,1047,814,664,631,546
20201102-190652,5320,3347,1837,3267,55,760,844,496,400,583,1362,461,393,832,325,490,693,996,871,1016,924,822,696,615,574
20201102-191153,5401,3398,1762,3340,50,716,829,506,369,556,1364,495,393,786,302,430,678,946,796,1019,945,795,653,604,528
20201102-191653,5362,3205,1677,3335,74,677,832,483,381,580,1390,455,406,815,310,507,688,895,793,903,955,755,588,564,497
20201102-192154,5512,3305,1654,3299,63,683,801,498,374,566,1364,497,379,843,325,478,684,934,795,878,912,681,668,641,486
20201102-192655,5333,3173,1652,3228,55,651,847,488,368,562,1469,510,360,835,321,527,698,922,800,870,943,794,630,648,505
20201102-193155,5393,3262,1703,3259,60,736,885,555,339,564,1435,467,374,811,317,491,618,901,806,871,944,967,643,632,548
20201102-193656,5406,3356,1685,3312,51,660,812,496,350,574,1409,477,361,841,292,465,649,875,808,883,901,785,609,564,556
20201102-194156,5438,3343,1753,3193,42,691,782,515,326,575,1482,474,367,827,316,463,690,910,788,913,972,749,651,626,533
20201102-194657,5312,3308,1620,3275,47,728,814,470,365,552,1578,465,388,828,293,502,680,890,863,960,1013,739,661,608,538
20201102-195157,5503,3400,1647,3227,39,737,758,515,361,557,1527,464,382,843,345,493,682,929,750,987,952,861,680,577,560
20201102-195702,5336,3334,1707,3264,52,682,814,537,384,576,1516,506,363,814,309,509,647,903,816,926,981,812,663,610,538
20201102-200202,5294,3575,1823,3321,51,681,859,555,337,505,1506,512,373,846,320,469,676,928,794,990,1000,857,647,580,546
20201102-200703,5334,3415,1743,3288,54,695,811,526,331,595,1417,511,363,776,319,476,657,963,811,985,950,792,629,624,570
20201102-201203,5321,3301,1702,3301,58,668,833,508,345,539,1425,492,360,748,303,477,681,919,821,945,964,758,611,593,544
20201102-201704,5303,3380,1637,3213,53,633,800,489,377,519,1523,439,368,825,285,459,641,887,756,919,956,868,626,571,521
20201102-202204,5310,3228,1709,3222,53,678,775,493,333,528,1571,489,382,775,280,444,629,872,790,962,955,810,713,572,517
20201102-202707,5273,3213,1665,3186,43,641,775,539,359,555,1529,495,341,797,326,496,661,871,778,869,927,751,678,574,526
20201102-203207,5339,3222,1676,3229,45,701,726,493,396,551,1470,491,360,813,298,478,686,900,767,916,1004,776,647,577,469
20201102-203708,5151,3302,1546,3224,41,656,779,518,321,556,1457,470,349,792,300,489,624,914,707,970,904,842,637,558,510
20201102-204208,5235,3397,1602,3199,49,684,713,537,338,579,1453,487,377,790,268,459,668,847,741,892,971,731,708,584,551
20201102-204709,5045,3157,1599,3124,51,664,744,488,397,509,1453,521,374,757,292,465,682,831,734,947,904,722,627,582,499
20201102-205209,5281,3228,1669,3153,38,668,771,473,334,530,1519,472,326,777,302,454,656,817,743,996,906,738,724,557,531
20201102-205710,5118,3282,1551,3124,46,676,813,479,339,528,1493,460,351,738,279,470,699,827,797,939,969,666,695,583,543
20201102-210210,5135,3471,1620,3216,44,735,835,496,340,505,1461,446,335,795,292,455,696,859,713,927,918,784,659,568,518
20201102-210710,4979,3348,1618,3087,50,672,705,516,348,541,1455,440,347,780,263,436,656,878,692,926,939,720,701,567,508
20201102-211211,5026,3466,1685,3140,43,699,743,512,330,559,1619,460,376,731,267,485,614,859,791,935,994,727,629,551,534
20201102-211711,5099,3448,1595,3166,60,650,696,539,318,522,1543,478,368,769,289,436,632,793,794,881,908,759,710,560,555
20201102-212212,5005,3383,1615,3074,66,622,693,526,311,537,1465,494,349,700,288,466,618,812,687,990,918,803,716,586,532
20201102-212712,5030,3330,1570,3121,58,622,726,515,340,564,1442,450,331,752,263,512,618,867,759,905,909,717,625,560,583
20201102-213213,4967,3405,1653,3099,53,661,687,525,298,516,1452,438,363,754,257,453,658,782,709,882,970,724,666,571,532
20201102-213713,4944,3258,1634,3079,54,683,698,481,301,537,1467,437,338,730,288,480,584,835,747,986,956,689,639,568,498
20201102-214214,4804,3309,1599,2992,62,640,704,481,325,585,1450,499,374,719,249,454,628,791,750,1039,923,682,659,576,540
20201102-214714,4959,3249,1567,3129,61,695,687,512,313,523,1490,482,347,728,279,420,632,785,759,1029,976,697,673,560,523
20201102-215215,5010,3250,1555,3092,51,649,697,529,363,540,1531,461,332,714,284,440,659,777,718,912,927,713,640,554,525
20201102-215715,4883,3373,1551,3070,56,672,738,527,342,573,1489,510,349,665,289,441,595,861,740,887,927,728,645,511,530
20201102-220216,4810,3256,1618,3080,84,661,741,498,319,500,1426,483,326,696,257,437,592,807,675,894,948,796,650,548,537
20201102-220716,4772,3138,1659,3057,64,645,705,512,328,534,1411,434,314,600,236,466,606,790,741,838,930,681,625,554,504
20201102-221217,4740,3352,1585,3088,97,689,673,522,319,503,1444,445,364,711,280,413,577,723,724,803,922,677,624,601,480
20201102-221717,4588,3167,1639,3130,82,633,706,532,312,518,1468,462,337,629,262,439,589,770,702,859,928,698,715,551,473
20201102-222218,4585,3195,1546,2895,78,617,701,528,312,513,1370,459,318,662,342,431,539,763,751,852,936,695,633,541,509
20201102-222718,4590,3082,1510,3068,66,603,683,504,290,509,1434,491,316,603,243,420,574,734,689,812,864,647,585,537,488
20201102-223219,4436,3097,1564,2911,52,669,650,500,303,513,1447,451,335,608,244,409,553,720,660,846,968,643,651,533,560
20201102-223719,4315,2954,1476,3015,63,670,711,547,300,491,1373,469,296,610,240,431,536,694,696,817,941,638,584,504,523
20201102-224220,4501,2995,1532,2946,62,687,621,517,299,487,1404,504,346,570,241,412,535,705,701,792,920,675,654,547,483
20201102-224720,4396,3048,1461,3112,45,625,672,481,334,516,1380,482,335,556,205,410,485,682,672,923,856,647,597,537,464
20201102-225220,4462,2941,1516,3016,53,582,585,539,301,572,1473,471,317,595,226,386,512,680,626,782,931,619,627,545,478
20201102-225721,4282,2968,1440,3041,46,604,654,490,327,513,1437,482,316,607,220,400,457,731,640,866,859,630,629,512,498
20201102-230221,4267,3139,1598,3003,70,619,706,537,310,495,1435,471,359,593,230,381,545,703,598,854,928,672,595,551,505
20201102-230722,4255,3167,1573,2985,50,616,650,524,320,490,1406,475,353,585,230,380,532,680,615,820,904,656,587,513,473
20201102-231222,4223,3188,1534,3058,65,618,611,502,302,476,1417,511,331,623,207,406,484,661,599,770,889,664,605,517,541
20201102-231723,4232,3130,1593,2964,75,572,644,497,289,476,1346,460,356,600,176,358,501,707,618,820,914,593,561,540,502
20201102-232223,4087,2962,1506,3055,64,573,605,541,264,490,1328,456,364,608,183,393,486,699,594,731,976,632,518,528,428
20201102-232724,4043,3033,1430,3014,73,594,605,501,304,442,1325,438,328,571,224,378,463,642,589,729,940,643,580,543,479
20201102-233224,3827,3054,1564,3013,57,568,583,528,282,443,1368,455,295,561,195,392,431,682,562,822,872,604,523,518,471
20201102-233724,3999,3042,1490,3095,46,600,597,507,292,427,1319,430,308,526,189,358,481,612,619,809,938,639,554,520,460
20201102-234225,3876,2927,1503,3035,57,546,595,488,269,460,1365,449,321,542,205,387,416,576,553,772,864,506,533,513,423
20201102-234725,3900,2984,1447,3144,57,508,613,548,278,438,1281,521,313,600,184,386,424,604,589,795,896,663,536,545,461
20201102-235226,3873,2914,1345,3093,49,589,620,506,280,399,1266,504,342,538,165,381,412,582,552,777,875,622,487,568,476
20201102-235726,3862,2685,1453,3042,50,531,590,490,305,434,1337,507,346,608,174,360,414,622,579,756,856,572,551,561,473
20201103-000227,3739,2840,1488,3143,53,576,603,446,302,424,1351,477,339,515,211,345,463,680,579,756,857,578,527,550,470
20201103-000727,3685,2886,1451,3026,70,535,586,495,283,436,1324,461,345,502,154,335,434,609,600,778,879,617,532,521,458
20201103-001228,3701,2828,1349,3013,67,527,575,517,283,448,1334,483,335,509,178,322,434,595,532,749,839,634,469,542,420
20201103-001728,3707,2798,1500,3002,58,520,559,444,264,405,1305,525,326,537,174,313,418,588,581,750,849,589,510,516,391
20201103-002229,3675,2844,1486,3071,50,530,539,515,264,451,1267,477,336,551,180,349,438,648,610,776,854,580,478,487,466
20201103-002729,3614,2748,1519,3312,63,504,607,506,258,477,1314,487,315,502,179,359,439,583,615,675,864,599,477,539,463
20201103-003229,3666,2853,1471,3449,73,499,658,477,278,430,1296,446,305,568,162,336,438,580,536,742,850,628,490,522,460
20201103-003730,3628,2695,1471,3368,62,507,573,497,285,448,1302,534,302,492,177,322,410,597,559,784,828,604,488,515,480
20201103-004230,3565,2705,1595,3290,67,485,570,476,255,423,1278,502,329,533,142,324,423,542,565,746,921,574,484,509,417
20201103-004731,3479,2740,1488,3210,67,540,578,505,267,440,1299,477,328,547,164,349,439,597,498,796,882,551,456,579,448
20201103-005231,3546,2807,1391,3210,70,516,572,490,239,450,1255,508,343,560,158,313,426,563,499,796,828,569,442,546,432
20201103-005731,3414,2761,1418,3134,67,475,565,485,294,477,1301,455,372,507,183,371,368,549,523,843,878,555,492,534,444
20201103-010232,3594,2823,1530,3145,47,518,575,486,288,453,1299,468,306,544,189,364,384,591,536,741,836,680,511,513,433
20201103-010732,3533,2835,1438,3184,50,498,533,514,267,419,1279,525,353,505,162,342,443,516,528,850,854,576,426,540,430
20201103-011233,3546,2852,1625,3146,73,537,572,456,294,434,1268,518,331,560,185,365,418,630,563,868,892,590,440,558,410
20201103-011733,3448,2653,1520,3165,57,539,606,482,296,453,1322,542,355,510,156,337,377,600,565,808,852,658,390,585,435
20201103-012234,3430,2642,1537,3179,75,510,573,492,289,422,1295,537,346,526,184,336,396,595,521,919,848,605,412,557,495
20201103-012734,3465,2762,1491,3099,74,547,550,516,269,424,1344,512,350,513,168,332,428,569,540,941,800,603,400,511,448
20201103-013234,3504,2788,1526,3211,57,542,599,468,270,424,1294,541,359,542,169,345,351,557,574,996,863,661,437,524,446
20201103-013735,3349,2798,1504,3127,63,509,563,526,292,389,1320,521,337,509,160,340,352,583,561,918,880,649,449,504,484
20201103-014235,3511,2746,1502,3089,67,534,564,498,303,408,1319,553,299,482,149,341,377,653,571,820,841,576,429,524,430
20201103-014736,3404,2767,1417,3151,57,493,568,500,290,446,1229,492,309,526,169,338,370,614,543,861,872,597,450,507,441
20201103-015236,3480,2721,1497,3146,60,504,542,471,296,422,1301,497,319,581,160,366,392,570,568,895,863,603,405,570,418
20201103-015737,3446,2776,1487,3171,51,452,585,494,293,442,1334,503,326,514,170,372,387,630,522,959,838,549,402,532,399
20201103-020237,3500,2833,1500,3283,64,522,544,522,311,410,1353,520,336,500,182,337,349,546,554,878,896,589,390,568,418
20201103-020738,3435,2813,1493,3208,47,480,583,492,224,428,1281,524,320,501,177,330,352,532,551,847,825,554,439,537,428
20201103-021238,3436,2783,1487,3212,63,504,554,510,284,418,1315,496,354,523,191,352,367,541,580,858,769,564,373,527,403
20201103-021738,3553,2712,1464,3289,68,531,552,545,285,419,1317,528,357,549,164,334,320,545,570,863,876,585,425,511,436
20201103-022239,3406,2671,1383,3215,58,489,592,460,280,393,1199,522,351,492,172,311,391,568,559,900,860,524,392,542,453
20201103-022739,3681,2766,1455,3280,59,557,606,536,290,420,1243,542,342,519,174,327,413,517,600,996,979,550,421,527,434
20201103-023240,3544,2843,1321,3369,66,514,576,521,285,413,1202,477,349,490,222,346,384,571,531,866,864,537,388,593,456
20201103-023740,3517,2678,1300,3286,64,501,575,509,287,412,1265,520,345,470,164,337,370,540,545,945,877,477,410,533,412
20201103-024240,3500,2752,1395,3297,87,517,608,509,282,424,1252,479,346,459,249,337,367,623,567,948,855,525,455,503,397
20201103-024741,3509,2707,1416,3206,56,507,603,501,278,477,1264,482,329,492,173,336,397,603,550,872,805,592,446,568,400
20201103-025241,3546,2707,1277,3221,51,545,581,534,300,406,1234,446,351,518,232,340,366,576,547,912,807,519,380,542,413
20201103-025742,3480,2642,1343,3261,58,498,585,516,267,404,1342,535,363,543,220,374,389,596,593,979,881,526,405,571,445
20201103-030242,3512,3097,1469,3384,58,631,633,585,277,460,1368,526,339,543,186,336,360,566,631,904,857,569,417,545,487
20201103-030743,3476,3210,1475,3597,56,596,639,617,293,456,1343,549,369,591,160,328,358,514,613,889,848,550,411,564,542
20201103-031243,3429,2838,1420,3582,57,510,646,561,305,470,1328,500,332,525,175,337,371,586,553,931,794,563,396,517,502
20201103-031744,3464,2847,1451,3362,53,500,595,560,272,463,1290,492,398,560,159,327,330,549,556,875,782,626,432,558,511
20201103-032244,3390,2710,1414,3413,68,530,558,567,291,432,1279,505,343,472,163,334,351,601,555,852,805,583,415,556,473
20201103-032745,3443,2736,1339,3332,62,544,578,506,297,455,1270,468,392,522,205,345,319,590,580,851,803,479,396,554,460
20201103-033245,3378,2638,1284,3206,56,499,597,498,298,409,1225,505,324,516,148,313,348,568,567,867,825,521,428,544,442
20201103-033745,3394,2601,1315,3278,50,490,605,474,271,425,1288,485,387,494,182,360,345,566,577,945,785,562,424,537,432
20201103-034246,3425,2586,1334,3299,45,494,619,521,286,447,1204,466,314,518,157,313,368,590,548,920,781,517,412,477,424
20201103-034746,3472,2499,1330,3227,65,445,591,521,296,400,1206,458,320,506,151,331,336,527,545,843,787,507,394,503,436
20201103-035247,3306,2583,1219,3227,36,465,567,485,290,392,1252,497,313,529,159,295,358,554,491,849,856,534,386,536,396
20201103-035747,3381,2608,1188,3179,56,432,522,489,270,483,1228,461,359,508,160,315,367,514,542,944,757,518,371,510,407
20201103-040248,3256,2477,1196,3107,65,524,600,511,278,419,1255,444,328,519,167,304,346,543,527,887,753,537,422,495,405
20201103-040748,3302,2599,1268,3091,67,515,568,505,284,443,1215,452,302,448,171,326,329,534,523,797,703,497,340,510,498
20201103-041248,3296,2469,1195,3179,57,502,521,501,244,374,1195,480,324,437,178,294,357,530,508,871,736,483,335,504,519
20201103-041749,3268,2555,1196,3103,57,482,584,507,263,380,1160,453,336,512,154,359,306,516,547,871,776,527,349,463,495
20201103-042249,3446,2342,1144,3101,63,427,546,477,275,408,1215,420,326,487,169,320,354,559,534,855,811,516,389,539,446
20201103-042750,3442,2273,1122,3085,66,473,615,458,307,379,1192,451,312,506,166,342,313,543,544,878,744,494,370,521,376
20201103-043250,3341,2339,1115,3112,54,446,552,451,298,369,1206,422,308,476,159,317,333,562,554,851,741,495,373,526,461
20201103-043751,3208,2319,1115,3049,44,435,558,504,267,385,1089,413,310,467,184,329,323,516,512,903,716,484,385,513,428
20201103-044251,3305,2212,1085,3085,58,483,586,426,250,434,1082,455,340,530,171,332,336,539,521,966,638,489,400,533,450
20201103-044752,3296,2168,1189,3156,50,429,529,392,273,398,1116,428,303,512,183,301,283,518,512,1004,665,477,384,523,406
20201103-045252,3025,2194,1075,2908,36,401,570,417,250,403,1115,413,345,501,138,347,290,538,514,947,684,499,388,528,385
20201103-045753,3145,2191,1047,3029,69,434,555,422,230,394,1079,377,349,484,157,303,304,545,524,855,633,460,369,515,379
20201103-050253,2944,2140,1064,2948,54,417,563,483,246,396,1008,409,312,507,173,298,318,528,555,803,635,477,344,529,368
20201103-050753,3010,2253,1076,2931,63,457,510,425,222,383,1015,377,334,490,208,282,330,526,512,765,616,487,354,519,357
20201103-051254,3084,2233,1049,2963,72,463,547,450,246,386,1029,387,346,498,177,293,355,518,516,774,618,486,374,553,371
20201103-051754,2956,2190,968,2991,73,438,523,437,215,411,1014,400,335,503,202,270,319,490,491,790,609,451,389,561,385
20201103-052255,3017,2162,983,2876,54,442,551,416,220,387,924,395,286,515,218,266,295,432,455,752,646,386,381,526,387
20201103-052755,2950,2181,1017,2803,65,488,548,442,233,362,942,381,303,488,160,269,295,530,463,814,614,468,351,474,395
20201103-053256,2990,2086,947,2811,67,472,618,431,227,373,945,383,291,483,142,274,332,494,487,759,618,484,365,467,401
20201103-053756,2995,2129,908,2705,55,462,546,387,208,389,995,371,308,497,182,300,299,486,501,726,625,424,360,491,384
20201103-054256,2972,2106,939,2740,50,443,552,393,220,385,929,349,303,479,174,292,303,469,512,714,664,404,353,481,347
20201103-054757,3066,2145,938,2749,58,394,609,406,213,399,922,355,289,495,161,297,286,492,509,736,604,438,357,488,353
20201103-055257,2901,2151,913,2696,57,391,522,424,220,386,863,310,318,525,166,265,345,466,509,698,531,477,364,468,363
20201103-055758,2992,2186,898,2657,54,398,571,453,206,393,917,356,282,523,201,239,330,472,483,753,590,467,337,451,347
20201103-060258,2934,2407,1010,2635,50,484,637,432,219,438,885,349,327,485,189,308,333,551,509,781,578,478,381,447,404
20201103-060759,3026,2222,935,2639,57,503,534,451,209,430,905,324,302,545,181,264,314,532,551,715,569,455,383,463,383
20201103-061259,3032,2222,898,2617,72,487,588,416,226,454,924,366,290,530,186,277,310,466,539,681,571,518,344,470,379
20201103-061800,2973,2188,917,2605,74,442,562,412,221,419,892,340,339,536,163,238,308,495,482,685,572,443,376,424,421
20201103-062300,2939,2205,911,2605,56,481,570,383,183,463,858,302,290,483,169,285,340,514,463,749,539,435,360,451,362
20201103-062800,2954,2147,909,2569,56,428,646,386,212,447,870,333,300,486,168,265,385,528,478,814,525,426,369,506,396
20201103-063301,2906,1995,878,2578,47,433,609,372,222,436,830,314,335,462,192,270,359,530,525,780,492,477,331,467,326
20201103-063801,2982,1973,890,2557,65,467,597,384,203,454,848,307,317,486,189,260,336,522,483,842,463,470,353,445,371
20201103-064302,2952,1907,836,2518,41,488,617,410,215,470,808,329,321,509,175,265,337,482,491,913,488,444,385,455,285
20201103-064802,2920,1892,885,2533,54,496,573,375,204,446,833,268,282,499,179,242,326,524,498,821,504,425,365,442,326
20201103-065303,2921,1949,870,2644,65,413,567,308,210,396,837,319,284,480,177,259,345,532,487,862,494,425,345,427,332
20201103-065803,2925,2002,889,2476,56,512,594,366,204,452,823,279,316,494,190,245,386,551,497,885,488,434,386,441,288
20201103-070304,2870,2219,955,2477,68,480,631,383,206,482,814,310,303,505,157,263,354,544,499,931,502,487,352,437,348
20201103-070804,2935,2386,990,2604,66,540,641,384,172,457,758,292,265,498,180,255,360,586,496,1415,449,440,321,428,362
20201103-071305,2868,2656,1088,2472,71,599,641,373,188,482,740,280,298,466,191,226,360,566,558,1601,431,442,373,400,398
20201103-071805,2873,2772,933,2582,64,598,597,394,184,431,774,313,313,526,164,263,349,527,514,1423,491,433,377,433,361
20201103-072305,2951,2520,929,2456,64,587,689,378,196,471,827,309,315,493,190,258,322,540,502,1375,465,452,396,404,363
20201103-072806,2947,2481,940,2393,58,578,591,352,187,467,771,306,312,472,183,238,349,548,490,1301,446,383,377,435,387
20201103-073306,2985,2585,990,2377,50,588,607,329,165,452,788,305,285,504,196,235,369,579,478,1236,430,417,349,417,340
20201103-073807,2977,2553,905,2399,57,536,687,337,184,461,724,283,371,540,204,267,394,610,515,1129,417,397,366,401,351
20201103-074307,2975,2527,889,2290,66,489,682,407,213,455,732,289,334,519,191,202,393,605,479,1251,443,395,367,435,436
20201103-074808,2929,2422,870,2344,56,489,685,366,177,421,759,250,321,509,163,213,368,596,516,1191,377,441,357,391,370
20201103-075308,3082,2340,915,2349,57,497,623,335,198,458,747,267,308,521,202,255,390,543,462,1132,452,422,349,424,362
20201103-075808,2847,2226,855,2366,56,469,679,347,192,512,815,256,306,517,185,259,373,603,482,1083,445,426,344,430,342
20201103-080309,2905,2319,1057,2310,60,535,623,345,207,456,798,235,328,491,189,230,380,603,522,1146,440,449,375,418,433
20201103-080809,3015,2323,984,2458,70,539,645,325,186,467,754,243,333,491,167,220,383,584,507,1010,419,439,363,463,365
20201103-081310,3098,2277,932,2456,72,491,644,300,203,442,748,263,352,591,203,235,376,653,555,1082,458,456,369,424,348
20201103-081810,3040,2259,966,2486,54,467,658,357,170,482,750,231,304,523,207,251,384,641,520,1058,465,531,377,409,349
20201103-082310,3161,2296,907,2508,70,439,608,347,180,430,679,255,300,518,243,241,361,674,551,1022,489,494,341,434,345
20201103-082811,3117,2319,895,2484,59,476,665,348,166,469,728,239,291,523,196,266,384,617,520,1021,469,436,383,356,354
20201103-083311,3206,2278,947,2543,54,550,666,345,195,413,699,267,292,484,188,256,398,625,538,976,427,452,361,413,334
20201103-083812,3251,2278,925,2435,56,498,644,325,227,422,710,278,338,523,192,270,345,664,519,1012,418,530,385,442,347
20201103-084312,3283,2283,904,2480,51,494,614,311,205,416,749,276,339,555,207,266,373,615,538,950,441,457,381,421,316
20201103-084813,3111,2236,947,2470,39,485,660,309,183,433,747,249,335,549,205,297,375,644,572,975,446,527,372,384,351
20201103-085313,3227,2360,899,2306,52,445,678,339,199,436,729,257,316,524,219,266,365,590,558,914,491,476,350,400,325
20201103-085814,3200,2183,947,2450,62,398,675,316,204,445,779,275,323,548,192,235,383,618,561,906,436,469,327,411,324
20201103-090314,3128,2308,1063,2566,53,470,657,375,204,437,841,270,298,585,223,232,400,667,575,902,444,542,359,430,432
20201103-090815,3136,2201,953,2518,71,454,661,350,195,445,863,235,320,539,228,241,373,622,540,870,451,535,356,403,399
20201103-091315,3164,2079,1035,2615,58,469,696,346,201,438,868,273,295,569,222,259,385,652,562,883,440,540,377,365,337
20201103-091816,3352,2055,964,2621,59,463,663,312,189,441,825,258,336,527,245,238,398,627,546,794,493,533,385,463,386
20201103-092316,3245,2224,954,2742,86,469,622,305,172,423,819,236,304,551,190,239,393,595,562,812,477,517,379,448,349
20201103-092817,3315,2143,1018,2698,72,501,603,359,208,459,796,244,328,528,200,232,407,642,539,811,505,547,378,443,351
20201103-093317,3246,2252,1009,2675,61,469,632,323,190,400,809,263,307,526,212,236,425,687,596,801,482,568,335,416,358
20201103-093817,3241,2033,984,2648,74,422,649,368,182,440,817,241,325,566,207,248,405,630,579,796,499,520,355,453,356
20201103-094318,3322,2188,973,2652,52,475,622,329,165,407,819,254,355,549,214,245,419,624,562,815,468,495,355,484,424
20201103-094818,3212,2177,946,2650,58,470,614,337,169,385,826,298,353,580,206,257,392,595,583,845,528,520,334,426,317
20201103-095319,3294,2035,946,2673,63,440,692,273,193,428,812,286,334,544,196,263,391,640,584,811,475,524,383,444,309
20201103-095819,3441,2097,927,2627,52,452,625,289,193,407,776,285,320,561,215,244,387,690,624,757,482,518,379,452,316
20201103-100320,3376,2089,1041,2704,69,519,649,336,191,404,859,274,322,567,228,237,481,716,565,849,543,521,376,456,358
20201103-100820,3491,2178,1085,2975,65,505,649,305,204,452,834,305,321,571,236,265,405,641,618,879,496,512,364,434,365
20201103-101320,3411,2162,1022,2869,56,525,631,321,215,412,816,302,346,527,239,252,431,627,656,877,494,484,386,444,347
20201103-101821,3465,2083,1038,2823,62,512,687,356,208,433,804,300,312,593,221,289,429,653,594,775,501,518,379,476,343
20201103-102321,3514,2083,1033,2933,70,504,670,353,253,359,845,290,382,542,214,275,408,679,602,849,472,495,383,448,344
20201103-102822,3470,2218,1048,2992,69,527,723,319,205,420,808,298,361,582,226,322,440,650,620,815,542,491,408,429,386
20201103-103322,3550,2162,1139,3126,62,489,669,351,235,448,882,300,327,624,208,288,461,714,632,819,556,508,355,475,460
20201103-103823,3583,2344,1048,3072,58,489,693,377,197,420,908,282,319,603,228,301,409,748,674,837,491,518,395,488,446
20201103-104323,3547,2312,1154,3064,57,513,718,354,203,455,883,301,344,621,246,306,444,699,622,850,537,526,398,451,442
20201103-104824,3608,2362,1198,2932,39,508,678,365,196,438,849,296,392,602,236,315,504,716,655,902,534,480,362,518,460
20201103-105324,3582,2231,1134,3005,49,504,731,384,224,443,934,318,379,638,251,321,477,689,580,905,550,511,383,444,445
20201103-105824,3707,2323,1197,2945,53,509,672,402,219,448,932,317,371,571,213,347,511,741,590,905,593,456,375,465,429
20201103-110325,3648,2490,1251,3057,61,508,740,442,235,467,923,324,405,623,269,318,498,750,699,894,589,572,419,475,562
20201103-110825,3774,2522,1313,3099,56,580,677,430,233,508,929,334,360,614,244,296,522,746,686,981,607,534,411,472,568
20201103-111326,3803,2384,1214,2935,75,562,709,442,235,471,938,313,397,607,254,282,457,710,710,892,569,555,408,530,486
20201103-111826,3859,2325,1148,3005,75,530,734,418,228,499,1013,321,434,635,247,276,522,734,690,921,587,578,419,507,483
20201103-112327,3830,2377,1143,2999,72,547,707,414,240,451,979,297,404,620,227,325,475,760,706,970,609,594,408,516,462
20201103-112827,3866,2555,1233,2958,71,535,775,411,231,470,1005,318,398,631,257,329,474,755,713,944,571,579,402,483,425
20201103-113327,4025,2526,1319,3452,66,505,760,427,224,496,976,329,378,666,237,318,551,744,748,960,608,528,411,561,420
20201103-113828,4076,2436,1173,3530,49,490,721,412,231,505,1013,365,397,647,218,297,467,775,686,936,609,553,439,550,428
20201103-114328,4158,2558,1277,3558,55,483,759,426,252,465,1033,373,424,659,254,339,484,780,695,944,619,546,421,566,438
20201103-114829,4084,2606,1237,3662,47,501,783,418,244,468,1028,285,433,718,235,307,543,710,667,932,614,513,388,580,467
20201103-115329,4150,2618,1248,3502,57,548,765,513,235,451,1109,322,349,686,243,355,546,759,761,950,650,551,443,568,444
20201103-115830,4305,2660,1287,3565,55,539,771,447,265,514,1082,347,417,713,243,345,542,764,753,962,604,549,415,568,425
20201103-120330,4139,2759,1366,3509,66,634,798,462,281,533,1105,377,425,832,257,335,595,886,770,913,711,648,448,553,495
20201103-120830,4037,2652,1438,3520,62,581,816,465,220,544,1045,385,386,752,232,355,578,782,716,946,661,568,415,586,445
20201103-121331,4173,2774,1390,3498,58,599,728,432,235,525,1005,390,384,712,277,308,513,784,756,1026,605,581,442,552,514
20201103-121831,4262,2698,1380,3682,52,585,760,470,250,552,1142,361,389,720,276,326,530,827,787,963,687,543,434,570,486
20201103-122332,4238,2819,1340,3878,69,570,777,488,251,546,1050,398,461,779,259,334,560,807,696,970,627,585,474,566,521
20201103-122832,4311,2686,1315,3672,69,608,785,464,251,554,1094,376,421,743,253,354,578,794,776,1012,638,586,498,588,464
20201103-123333,4326,2908,1442,3773,63,574,836,465,250,511,1151,400,424,710,278,313,554,861,801,1018,714,736,503,549,475
20201103-123833,4411,2941,1445,3717,63,600,827,436,255,535,1149,362,433,738,264,341,594,887,814,1093,736,719,440,587,516
20201103-124333,4624,2931,1484,4132,45,617,903,496,287,534,1157,425,425,761,262,372,556,834,829,1045,702,670,520,578,475
20201103-124834,4786,2921,1414,4149,67,583,841,444,264,531,1131,454,460,827,256,393,599,843,809,995,699,604,537,585,530
20201103-125334,4717,2913,1358,4192,58,558,910,524,268,575,1190,423,455,827,272,311,594,836,816,1074,730,663,525,613,500
20201103-125835,4730,2854,1556,4243,65,568,904,454,282,526,1147,394,478,762,270,359,583,850,837,1134,822,655,538,614,512
20201103-130335,4863,2954,1671,4237,66,589,917,577,266,601,1210,453,420,867,294,378,577,913,789,1116,822,753,483,656,490
20201103-130836,4917,2895,1452,4053,69,612,934,483,281,623,1200,439,448,785,270,379,584,895,785,1078,867,644,516,635,482
20201103-131336,4900,3081,1550,4306,61,620,967,506,282,565,1169,436,511,839,283,392,575,891,915,1033,814,673,504,616,516
20201103-131837,4835,3060,1538,4306,69,581,946,500,276,561,1228,462,472,791,295,384,615,902,843,1001,798,639,542,700,575
20201103-132337,4980,3060,1526,4104,81,635,898,544,320,606,1255,492,499,818,303,405,661,986,818,1153,804,731,537,672,616
20201103-132837,5101,2952,1576,4276,75,626,913,542,311,565,1263,456,516,803,314,400,626,941,865,1018,827,658,523,682,650
20201103-133338,5055,3146,1554,4258,77,608,905,505,305,575,1285,463,454,814,269,408,597,932,867,1019,865,731,551,643,751
20201103-133838,4996,3168,1540,4251,47,619,889,554,358,580,1364,437,561,827,267,404,676,932,886,1049,899,674,539,671,684
20201103-134339,5182,3131,1501,4147,52,649,932,582,321,609,1276,479,497,879,335,425,602,900,878,1146,889,699,498,695,579
20201103-134839,5279,3193,1675,4337,55,674,957,536,313,614,1342,487,483,853,268,365,598,878,880,1100,894,627,512,708,602
20201103-135340,5338,3158,1544,4229,50,648,972,520,330,633,1298,532,469,871,293,412,617,931,931,1096,846,658,486,742,636
20201103-135840,5304,3162,1678,4382,67,590,922,601,336,628,1383,495,565,864,308,450,614,977,805,1125,839,623,522,678,577
20201103-140340,5285,3346,1745,4420,58,676,1014,576,359,607,1327,502,488,846,293,424,628,928,829,1109,954,830,576,755,622
20201103-140841,5327,3271,1724,4478,76,681,964,610,313,617,1346,452,494,871,272,397,608,976,858,1082,928,736,564,705,602
20201103-141341,5380,3226,1737,4481,68,696,966,578,323,656,1375,472,518,876,281,384,585,987,884,1194,943,777,542,656,569
20201103-141842,5457,3301,1727,4427,59,701,987,621,347,619,1348,477,533,903,290,400,639,1013,930,1137,888,762,571,741,618
20201103-142342,5457,3263,1708,4532,65,655,983,601,332,601,1343,517,532,884,257,421,644,934,856,1139,908,626,532,687,607
20201103-142843,5590,3418,1583,4391,71,677,936,584,350,604,1375,504,545,923,333,390,599,1034,867,1192,907,738,565,715,579
20201103-143343,5592,3569,1663,4703,70,744,913,638,343,636,1412,519,499,860,347,427,637,1003,926,1151,961,758,556,756,574
20201103-143844,5572,3680,1713,4704,65,745,987,621,370,598,1388,563,529,906,281,415,666,936,859,1141,939,743,512,733,620
20201103-144345,5397,3413,1690,4514,53,670,972,583,324,652,1443,472,545,831,320,433,651,894,897,1162,946,756,606,737,594
20201103-144845,5704,3406,1683,4449,52,741,962,628,359,628,1377,487,513,883,290,444,713,929,913,1164,933,780,571,762,620
